Target Schema,Target Table,Column Name,Ordinal
LAADM,ASSET_HISTRY_TEMP_TABLE,,1
LAADM,ASSET_PROC_TEMPORARY_TABLE,,1
LAADM,BLM_CLASS_DETAIL_TBL,,1
LAADM,BLM_CLEARANCE_DETAILS_TBL,,1
LAADM,BLM_CONTRACTOR_DETAILS_TBL,,1
LAADM,BLM_DELIVERY_TBL,,1
LAADM,BLM_DOCUMENT_TBL,,1
LAADM,BLM_FIN_DETAILS_TBL,,1
LAADM,BLM_GENERAL_DETAILS_TBL,,1
LAADM,BLM_LOAN_TBL,,1
LAADM,BLM_PROJ_DOC_TBL,,1
LAADM,BLM_PROJ_FIN_TBL,,1
LAADM,BLM_PROJ_MASTER_TBL,,1
LAADM,BLM_RELATED_TBL,,1
LAADM,BLM_STAGE_DETAILS_TBL,,1
LAADM,BUSINESS_INFO_MOD_TBL,,1
LAADM,BUSINESS_INFO_TBL,,1
LAADM,CHARGE_OFF_MOD_TABLE,,1
LAADM,CL_ARS_TABLE,,1
LAADM,CL_CRS_TABLE,,1
LAADM,CL_CUST_HEADER_TABLE,,1
LAADM,CL_CUST_TRAN_TABLE,,1
LAADM,CL_DDIT_REV_TABLE,,1
LAADM,CL_DRAW_DOWN_DETAIL_TABLE,,1
LAADM,CL_DRAW_DOWN_HEADER_TABLE,,1
LAADM,CL_DRAW_DOWN_NOTICE_TBL,,1
LAADM,CL_DRAW_DOWN_SHDL_MOD_TBL,,1
LAADM,COMM_LEND_FEE_DTLS_TABLE,,1
LAADM,DEBT_TRANSFER_DTL_TBL,,1
LAADM,DRDN_CONDITION_PRECEDENT,,1
LAADM,EMPLOYER_MASTER_MOD_TABLE,,1
LAADM,EMPLOYER_PRODUCT_MOD_TABLE,,1
LAADM,EMPLOYER_PRODUCT_TABLE,,1
LAADM,IDDT_REV_TABLE,,1
LAADM,IDT_REV_TABLE,,1
LAADM,INT_RATE_MODIFICATION_TBL,,1
LAADM,IST_REBATE_PARAMETERS_TBL,,1
LAADM,ITC_REV_TABLE,,1
LAADM,LA_ACCT_MAST_MOD_TABLE,,1
LAADM,LA_ACCT_SUB_DETAILS_TABLE,,1
LAADM,LA_ACCT_SUB_SCHEME_TABLE,,1
LAADM,LA_ACH_LODGE_INFO_TBL,,1
LAADM,LA_ACH_REJECTION_INFO_TBL,,1
LAADM,LA_DMD_ADJ_HISTORY_TABLE,,1
LAADM,LA_DMD_MOD_TABLE,,1
LAADM,LA_FEE_HISTORY_TABLE,,1
LAADM,LA_LCF_TBL,,1
LAADM,LA_LRT_TBL,,1
LAADM,LA_MESG_MOD_TABLE,,1
LAADM,LA_MESG_TABLE,,1
LAADM,LA_MR_ARREAR_DETAIL_TBL,,1
LAADM,LA_MULTIREPAY_ARREARS_TBL,,1
LAADM,LA_MULTIREPAY_INSTR_TBL,,1
LAADM,LA_PENAL_DMD_ADJ_TABLE,,1
LAADM,LA_REBATE_TEMP_TABLE,,1
LAADM,LA_RELATED_PARTY_MOD_TABLE,,1
LAADM,LA_REP_NOTICE_TABLE,,1
LAADM,LA_REP_SHDL_MOD_TABLE,,1
LAADM,LA_REPMT_CYCLE_TABLE,,1
LAADM,LA_REPR_REPORT_TABLE,,1
LAADM,LA_RESHDL_HDR_HIST_TABLE,,1
LAADM,LA_RESHDL_HDR_MOD_TABLE,,1
LAADM,LA_ROLL_OVER_MASTER_TBL,,1
LAADM,LA_SUB_TEMPORARY_TABLE,,1
LAADM,LA_SUBSIDY_DMD_ADJ_TABLE,,1
LAADM,LA_TOPUP_DETAILS_TABLE,,1
LAADM,LA_TOPUP_MASTER_TABLE,,1
LAADM,LA_TOPUP_SCHM_PARM_TABLE,,1
LAADM,LA_TRAN_DETAIL_HIST_TABLE,,1
LAADM,LA_TRAN_REV_DETAIL_TABLE,,1
LAADM,LA_UIC_ACCT_HISTORY_TBL,,1
LAADM,LA_WAIVER_INT_TEMP_TBL,,1
LAADM,LAM_REV_TABLE,,1
LAADM,LDA_REV_TABLE,,1
LAADM,LDT_REV_TABLE,,1
LAADM,LI_ACCT_DETAIL_TABLE,,1
LAADM,LI_ASSET_REP_DTLS_TBL,,1
LAADM,LI_LA_ACCT_MAST_TABLE,,1
LAADM,LI_PROF_ADJ_TRAN_MAST_TBL,,1
LAADM,LI_PROF_DMD_ADJ_DET_TABLE,,1
LAADM,LI_SALAM_DTLS,,1
LAADM,LINKED_ACCTS_MOD_TBL,,1
LAADM,LINKED_ACCTS_TBL,,1
LAADM,LIT_CLAIM_RFND_DTS_TBL,,1
LAADM,LIT_CR_GUAR_DTLS_TABLE,,1
LAADM,LIT_DECREE_DTLS_TABLE,,1
LAADM,LIT_DECREE_EXEC_DTLS_TABLE,,1
LAADM,LIT_GENERAL_DTLS_TABLE,,1
LAADM,LIT_SETLMNT_DTLS_TABLE,,1
LAADM,LOAN_ACCOUNT_BLDR_TBL,,1
LAADM,LOAN_CHRG_OFF_HIST_TBL,,1
LAADM,LOAN_DEFMNT_DTL_MOD_TBL,,1
LAADM,LOAN_STRUCT_REPAY_TABLE,,1
LAADM,LOAN_UPFRONT_INT_ADJ_TBL,,1
LAADM,LOANS_ECS_TBL,,1
LAADM,LOANS_ISLAMIC_AQAD_DTLS,,1
LAADM,LOANS_ISLAMIC_SALAM_DTLS,,1
LAADM,LRH_REV_TABLE,,1
LAADM,LRP_REV_TBL,,1
LAADM,LRS_REV_TABLE,,1
LAADM,LS_ASSET_DISP_DTLS_TBL,,1
LAADM,LS_ASSET_PYMNT_TRAN_TABLE,,1
LAADM,LS_ASSET_SET_COST_COMP_TBL,,1
LAADM,LS_ASSET_SET_DOCUMENT_TBL,,1
LAADM,LS_ASSET_SET_GENERAL_TBL,,1
LAADM,LS_ASST_PYMNT_TMP_TRAN_TBL,,1
LAADM,LS_COST_AMORT_DTLS_TBL,,1
LAADM,LS_COST_AMORT_TRANDTLS_TBL,,1
LAADM,LS_INVITE_FOR_QUOTATION,,1
LAADM,LS_INVITE_QUOT_PARTY_DTLS,,1
LAADM,LS_SELECT_QUOTATION,,1
LAADM,MAINT_ASSET_DEPR_MNTNCE,,1
LAADM,MAINT_ASSET_ID_RV_DTLS,,1
LAADM,MAINT_ASSET_ID_RV_HDR,,1
LAADM,MAINT_ASSET_ID_SER_DET,,1
LAADM,MAINT_ASSET_ID_SER_HDR,,1
LAADM,MAINT_ASSET_ID_USAGE_DTLS,,1
LAADM,MAINT_ASSET_ID_USAGE_HDR,,1
LAADM,MAINT_ASSET_POCOST_COMPS,,1
LAADM,MAINT_ASSET_REPOS_HISTORY,,1
LAADM,MAINT_ASSET_REPOSSESS_DTL,,1
LAADM,MAINT_ASSETID_DOC_MLTREC,,1
LAADM,MAINT_ASSETID_DOCUMENTS,,1
LAADM,MAINT_DEP_CODE_DTLS,,1
LAADM,MAINT_DEP_CODE_HDR,,1
LAADM,MAINT_DEPR_DETAILS,,1
LAADM,MAINT_DOCUMENT_DTLS,,1
LAADM,MAINT_INS_CLAIM,,1
LAADM,MAINT_INS_PREMIUM_DTL,,1
LAADM,MAINT_INSP_MLTREC,,1
LAADM,MAINT_MAIN_INSP_DETAILS,,1
LAADM,MAINT_MAIN_VAL_DETAILS,,1
LAADM,MAINT_VAL_MLTREC,,1
LAADM,MAKE_PAYMENT_DETAILS,,1
LAADM,MASTER_ASSET_POOL_TABLE,,1
LAADM,MOD_ASSET_DEPR_AMT,,1
LAADM,PAYOFF_REVERSAL_TABLE,,1
LAADM,PREPAY_REVERSAL_TBL,,1
LAADM,PREPAYMENT_NOTICE,,1
LAADM,RACO_REVERSAL_TABLE,,1
LAADM,RAM_REV_TABLE,,1
LAADM,ROLL_REV_TBL,,1
LAADM,SAL_LIEN_INFO_TBL,,1
LAADM,SAM_REV_TABLE,,1
LAADM,SEC_CHARGE_ASSESSMENT_TBL,,1
LAADM,SEC_CHARGE_TRAN_LOG_TBL,,1
LAADM,SEC_POOL_ACCOUNT_DTLS_TBL,,1
LAADM,SEC_POOL_CRITERIA_TBL,,1
LAADM,SEC_POOL_TRANSACTION_TBL,,1
LAADM,SEC_TEMPORARY_TABLE,,1
LAADM,SUB_CODE_GENERAL_MAST_TBL,,1
LAADM,SUB_CODE_VERSION_MAST_TBL,,1
LAADM,SY_DRAW_DOWN_DETAIL_TBL,,1
LAADM,SY_DRAW_DOWN_NOTICE_TBL,,1
LAADM,SY_DRDN_CNTR_TRKR_TBL,,1
LAADM,SY_NON_FINANCIAL_LOG_TBL,,1
LAADM,SY_NOTICE_INTSLAB_DTL_TBL,,1
LAADM,SY_NOTICE_PAYMENT_DTL_TBL,,1
LAADM,SYND_AGENT_CONT_DTLS_TABLE,,1
LAADM,SYND_BRWR_GRNTR_DTLS_TABLE,,1
LAADM,SYND_DIST_DETAIL_TBL,,1
LAADM,SYND_FAC_DOC_DTLS_TABLE,,1
LAADM,SYND_PAY_DISTRIB_TABLE,,1
LAADM,SYND_PY_DIST_HIST_TBL,,1
LAADM,TRANCHE_DESG_SCHED_TBL,,1
LAADM,TRANCHE_INTSLAB_TBL,,1
LAADM,TRANCHE_NOTICE_TBL,,1
LAADM,TRANCHE_PARTPNT_TBL,,1
LAADM,TRANCHE_PAYMNT_TBL,,1
LAADM,WAIVER_HISTORY_MOD_TABLE,,1
LAADM,WAIVER_HISTORY_TABLE,,1
TBAADM,ABNRML_TRAN_AUDIT_TABLE,,1
TBAADM,ACCOUNT_DOCUMENT_MOD_TABLE,,1
TBAADM,ACCOUNT_DOCUMENT_TABLE,,1
TBAADM,ACCOUNT_FACILITY_TABLE,,1
TBAADM,ACCOUNT_FILTER_TABLE,,1
TBAADM,ACCOUNT_LBL_CODE_MOD_TABLE,,1
TBAADM,ACCOUNT_LBL_CODE_TABLE,,1
TBAADM,ACCOUNT_LBL_RELTN_MOD_TBL,,1
TBAADM,ACCOUNT_LBL_RELTN_TBL,,1
TBAADM,ACCOUNT_LIEN_HISTORY_TABLE,,1
TBAADM,ACCOUNT_LIEN_MOD_TABLE,,1
TBAADM,ACCOUNT_LIEN_TABLE,,1
TBAADM,ACCT_ACCESS_CODE_TABLE,,1
TBAADM,ACCT_AUTH_SIGN_MOD_TABLE,,1
TBAADM,ACCT_AUTH_SIGN_STMNT_TABLE,,1
TBAADM,ACCT_AUTH_SIGN_TABLE,,1
TBAADM,ACCT_AVG_BAL_DET_TBL,,1
TBAADM,ACCT_ENTRY_TABLE,,1
TBAADM,ACCT_MODIFIED_HIST_TABLE,,1
TBAADM,ACCT_NOMINATION_HDR_TABLE,,1
TBAADM,ACCT_NOMINATION_TABLE,,1
TBAADM,ACCT_OPN_MATRIX_TABLE,,1
TBAADM,ACCT_PARTITION_TABLE,,1
TBAADM,ACCT_PLACEHOLDER_TABLE,,1
TBAADM,ACCT_STATEMENT_MOD_TABLE,,1
TBAADM,ACCT_STATEMENT_TABLE,,1
TBAADM,ACCT_TRANSFER_TABLE,,1
TBAADM,ACCT_TURN_OVER_TABLE,,1
TBAADM,ACCTS_FOR_REGUL_TABLE,,1
TBAADM,ACH_ADVICE_TABLE,,1
TBAADM,ACH_ENT_DTL_HIST_TBL,,1
TBAADM,ACH_ENTRY_DETAIL_TABLE,,1
TBAADM,ACH_FILE_RECALL_RQST_TBL,,1
TBAADM,ACH_HEADER_DETAIL_TABLE,,1
TBAADM,ACH_PAYSYS_REASON_TABLE,,1
TBAADM,ADDNL_TRAN_DETAIL_TABLE,,1
TBAADM,ADHOC_PROV_DETAIL_MOD_TBL,,1
TBAADM,ADHOC_PROV_DETAIL_TBL,,1
TBAADM,ADHOC_PROV_HISTORY_TBL,,1
TBAADM,AGENT_MASTER_TABLE,,1
TBAADM,ALERT_MESSAGE_SERVICE_TBL,,1
TBAADM,AMOUNT_AUTH_MATRIX_TABLE,,1
TBAADM,AMOUNT_TABLE_CODE_TABLE,,1
TBAADM,AMT_DRV_METHOD_MOD_TBL,,1
TBAADM,AMT_DRV_METHOD_TBL,,1
TBAADM,AMT_TABLE_CODE_MISC_TABLE,,1
TBAADM,AMT_TABLE_CODE_MOD_TABLE,,1
TBAADM,APPLICATION_MENU_TABLE,,1
TBAADM,APPR_SECU_MAST_TABLE,,1
TBAADM,ASSESSMENT_PART_TRAN_TABLE,,1
TBAADM,ASSET_CLASSFN_RANK_TABLE,,1
TBAADM,ASSET_HISTRY_DTLS_TABLE,,1
TBAADM,ASSET_PROV_MOD_PARM_TBL,,1
TBAADM,ASSET_PROV_PARM_TBL,,1
TBAADM,ASST_CLASS_DETAIL_MOD_TBL,,1
TBAADM,ASST_CLASS_DETAIL_TBL,,1
TBAADM,ASST_CLASS_HIST_TBL,,1
TBAADM,ASST_CLASS_INT_PROV_TBL,,1
TBAADM,ASYNC_ACCT_TBL,,1
TBAADM,ATM_CONTROLLER_TBL,,1
TBAADM,ATM_MAST_TABLE,,1
TBAADM,AUDIT_ENTITY_DETAILS_TABLE,,1
TBAADM,AUDIT_TABLE,,1
TBAADM,AUTHORIZATION_MATRIX_TABLE,,1
TBAADM,B2K_RT_TABLE,,1
TBAADM,B2KLIC_TBL,,1
TBAADM,BANK_CODE_TABLE,,1
TBAADM,BANK_COND_CHRG_TABLE,,1
TBAADM,BANK_GRP_MNT_TBL,,1
TBAADM,BANK_ID_CODE_TBL,,1
TBAADM,BANK_LIMIT_MNT_TABLE,,1
TBAADM,BANK_SET_LIST,,1
TBAADM,BANKAWAY_DOWNLOAD_TABLE,,1
TBAADM,BAR_ADVICE_TABLE,,1
TBAADM,BAR_STEP_TABLE,,1
TBAADM,BASE_INT_VER_SLAB_TBL,,1
TBAADM,BATCH_ALERT_VAL_TABLE,,1
TBAADM,BATCH_ENV_EXE_SETUP_TABLE,,1
TBAADM,BATCH_FATAL_DATA_TBL,,1
TBAADM,BATCH_IFACE_DTL_TBL,,1
TBAADM,BATCH_IFACE_HDR_TBL,,1
TBAADM,BATCH_JOB_MONITOR_TBL,,1
TBAADM,BATCH_JOB_SCHEDULER_TABLE,,1
TBAADM,BATCH_JOB_TBL,,1
TBAADM,BATCH_REPORT_STATUS_TBL,,1
TBAADM,BCTT_TBL,,1
TBAADM,BE_INT_ADMINISTRATN_TABLE,,1
TBAADM,BE_PYMT_INSTR_TABLE,,1
TBAADM,BE_REOPEN_ACCT_DTL_TBL,,1
TBAADM,BE_TD_TRAN_TABLE,,1
TBAADM,BG_COUNTER_TABLE,,1
TBAADM,BG_EVENT_TABLE,,1
TBAADM,BG_INSTLMNT_MOD_TABLE,,1
TBAADM,BG_INSTLMNT_TABLE,,1
TBAADM,BG_MASTER_MOD_TABLE,,1
TBAADM,BG_MASTER_TABLE,,1
TBAADM,BG_PARAM_CRNCY_TABLE,,1
TBAADM,BG_PARM_TABLE,,1
TBAADM,BG_QUEUE_TABLE,,1
TBAADM,BG_UPLOAD_TABLE,,1
TBAADM,BILL_ACCT_MAST_MOD_TABLE,,1
TBAADM,BILL_ACCT_MAST_TABLE,,1
TBAADM,BILL_BG_LINK_TABLE,,1
TBAADM,BILL_EVENTS_HIST_TABLE,,1
TBAADM,BILL_INSTRUMENT_TABLE,,1
TBAADM,BILL_LODGE_TABLE,,1
TBAADM,BILL_MAX_PTRAN_TABLE,,1
TBAADM,BILL_MESG_TABLE,,1
TBAADM,BILL_OF_ENTRY_TABLE,,1
TBAADM,BILL_REGISTER_TYPE_TABLE,,1
TBAADM,BILLER_REGN_TABLE,,1
TBAADM,BILLER_SRVC_REGN_MAST_TBL,,1
TBAADM,BO_PARAMS_EXCEPTION_TBL,,1
TBAADM,BORPI_TRN_TBL,,1
TBAADM,BPAY_BANK_LVL_PRM_TBL,,1
TBAADM,BRANCH_BIC_TABLE,,1
TBAADM,BRANCH_CODE_TABLE,,1
TBAADM,BRANCH_SDS_TABLE,,1
TBAADM,BRANCH_SERVICE_TABLE,,1
TBAADM,BUSINESS_TRAN_AUDIT_TABLE,,1
TBAADM,BUSINESS_TRAN_TABLE,,1
TBAADM,BUY_LIM_MAINT_HIST_TABLE,,1
TBAADM,BUY_LIM_MAINT_MOD_TABLE,,1
TBAADM,BUY_LIM_MAINT_TABLE,,1
TBAADM,BUYERS_CREDIT_BANKDTLS_TBL,,1
TBAADM,BUYERS_CREDIT_CRNCY_TABLE,,1
TBAADM,BUYERS_CREDIT_HISTORY_TBL,,1
TBAADM,BUYERS_CREDIT_MASTER_TBL,,1
TBAADM,BUYERS_CREDIT_PARAM_TABLE,,1
TBAADM,CARD_ACCT_RELATION_TABLE,,1
TBAADM,CARD_STATUS_TABLE,,1
TBAADM,CARD_TYPE_TABLE,,1
TBAADM,CARRIER_CODE_TABLE,,1
TBAADM,CASHFLOW_TEMP_TBL,,1
TBAADM,CBRT_TABLE,,1
TBAADM,CCOD_ACCT_MAST_MOD_TABLE,,1
TBAADM,CCOD_ACCT_MAST_TABLE,,1
TBAADM,CDC_TC_DENOM_TABLE,,1
TBAADM,CHANNEL_LEVEL_CODE_TABLE,,1
TBAADM,CHANNEL_TRAN_GRID_TABLE,,1
TBAADM,CHARGE_ASSESS_MOD_TABLE,,1
TBAADM,CHARGE_ASSESSMENT_TABLE,,1
TBAADM,CHARGE_LEVEL_CODE_TABLE,,1
TBAADM,CHARGE_OFF_TABLE,,1
TBAADM,CHARGES_HISTORY_TBL,,1
TBAADM,CHG_VAL_DATE_MOD_TABLE,,1
TBAADM,CHQ_BOOK_MOD_TABLE,,1
TBAADM,CHQ_BOOK_TABLE,,1
TBAADM,CHQ_REFUSED_TABLE,,1
TBAADM,CHRG_AMORT_DETAILS_TBL,,1
TBAADM,CHRG_REV_PROCESSING_TBL,,1
TBAADM,CHRG_TRAN_LOG_TBL,,1
TBAADM,CHRG_TRAN_REV_TEMP_TBL,,1
TBAADM,CITY_TABLE,,1
TBAADM,CL_DRAW_DOWN_INFO_TABLE,,1
TBAADM,CL_DRAW_DOWN_SCHEDULE_TBL,,1
TBAADM,CLEARING_REJ_CODE_TABLE,,1
TBAADM,CLG_ENCD_STS_TABLE,,1
TBAADM,CLG_RULE_MAINT_TBL,,1
TBAADM,CLG_SOL,,1
TBAADM,CLG_TRAN_CODE_TABLE,,1
TBAADM,CLG_UPLD_HEADER_TABLE,,1
TBAADM,CLIENT_COND_CHRG_TABLE,,1
TBAADM,CMB_CSIS_GEN_ACCT_TABLE,,1
TBAADM,CMS_CARD_ACCT_LINK_TABLE,,1
TBAADM,CMS_CARD_DETAILS_TABLE,,1
TBAADM,CMS_CARD_SUB_TYPE_TABLE,,1
TBAADM,CMS_DOWNLOAD_DRIVER_TABLE,,1
TBAADM,CMS_HOT_CARD_TABLE,,1
TBAADM,CMS_PREPRINTED_CARD_TABLE,,1
TBAADM,CNTRY_CURR_CRNCY_MOD_TABLE,,1
TBAADM,CNTRY_CURR_CRNCY_TABLE,,1
TBAADM,COLL_PARM_CRNCY_MAINT_TBL,,1
TBAADM,COLL_PARM_MAINT_TBL,,1
TBAADM,COLLECTION_GEN_MAINT_TBL,,1
TBAADM,COLLECTION_HIST_DET_TBL,,1
TBAADM,COLTRL_CONS_DUR_DT_TABLE,,1
TBAADM,COLTRL_DET_SUMMARY_TABLE,,1
TBAADM,COLTRL_GURNT_DTL_TABLE,,1
TBAADM,COLTRL_IPROP_DT_TABLE,,1
TBAADM,COLTRL_LIFEIN_DT_TABLE,,1
TBAADM,COLTRL_MCH_DT_TABLE,,1
TBAADM,COLTRL_PARAM_MOD_TBL,,1
TBAADM,COLTRL_PARAM_TBL,,1
TBAADM,COLTRL_SALE_NOTE_TABLE,,1
TBAADM,COLTRL_TD_SEC_DT_TABLE,,1
TBAADM,COLTRL_VEH_DET_TABLE,,1
TBAADM,COMBINED_CASHCHQ_DTL_TABLE,,1
TBAADM,COMBINED_CASHCHQ_HDR_TABLE,,1
TBAADM,COMM_LEND_TRAN_TABLE,,1
TBAADM,COMMODITY_CODE_TABLE,,1
TBAADM,CONSOLIDATE_BAL_HIST_TABLE,,1
TBAADM,CONT_TRAN_REVAL_HIST_TBL,,1
TBAADM,CONT_TRAN_REVAL_TBL,,1
TBAADM,CONTRA_FOR_DIRECT_POST_TBL,,1
TBAADM,CORE_CMG_MOD_TABLE,,1
TBAADM,CORE_CMG_TABLE,,1
TBAADM,CORE_FPC_TABLE,,1
TBAADM,CORR_MSG_PREF_TABLE,,1
TBAADM,COUNTRY_MOD_TABLE,,1
TBAADM,COUNTRY_TABLE,,1
TBAADM,CRNCY_CORR_BANK_TABLE,,1
TBAADM,CRNCY_DENOM_MAINT_TBL,,1
TBAADM,CRNCY_SCHM_PARM_TBL,,1
TBAADM,CRNCY_TO_CRNCY_MOD_TABLE,,1
TBAADM,CRNCY_TO_CRNCY_TABLE,,1
TBAADM,CURRENT_BAL_REPORT_TABLE,,1
TBAADM,CUST_BATCHJOB_REGISTER_TBL,,1
TBAADM,CUST_OPTION_MAINT_TABLE,,1
TBAADM,CUST_PROV_HISTORY_TABLE,,1
TBAADM,CUST_PROV_TABLE,,1
TBAADM,CUST_XCHG_RT_DISC_MOD_TBL,,1
TBAADM,CUST_XCHG_RT_DISC_TBL,,1
TBAADM,CUST_ZAKAT_HIST_TABLE,,1
TBAADM,CUSTOM_SRGPM_TBL,,1
TBAADM,CUSTOMER_FACILITY_TABLE,,1
TBAADM,CUSTOMER_LEVEL_TAX_DETAILS,,1
TBAADM,CUTOFTIME_VALDT_TABLE,,1
TBAADM,DAILY_TRAN_DETAIL_TABLE,,1
TBAADM,DAILY_TRAN_DTL_TMP_TABLE,,1
TBAADM,DAILY_TRAN_HEADER_TABLE,,1
TBAADM,DATE_SHIFT_TABLE,,1
TBAADM,DBCON_DETAIL_TBL,,1
TBAADM,DBCON_HEADER_TBL,,1
TBAADM,DC_ALLOCATION_DTLS_TABLE,,1
TBAADM,DC_ALLOCATION_HISTORY_TBL,,1
TBAADM,DC_ALLOCATION_MOD_TABLE,,1
TBAADM,DC_AMENDMENT_TABLE,,1
TBAADM,DC_BILL_ALLOC_HISTORY_TBL,,1
TBAADM,DC_BILL_ALLOC_MOD_TBL,,1
TBAADM,DC_BILL_ALLOC_TBL,,1
TBAADM,DC_EVENTS_TABLE,,1
TBAADM,DC_INCIDENTS_TABLE,,1
TBAADM,DC_MAST_MAIN_TABLE,,1
TBAADM,DC_MAST_MOD_TABLE,,1
TBAADM,DC_REGISTER_MAIN_TABLE,,1
TBAADM,DC_TEXT_MAIN_TABLE,,1
TBAADM,DC_TEXT_MOD_TABLE,,1
TBAADM,DC_TRAN_INQ_TABLE,,1
TBAADM,DC_UPLOAD_TABLE,,1
TBAADM,DD_CREDITS_TABLE,,1
TBAADM,DD_DEBITS_TABLE,,1
TBAADM,DD_MASS_OPERATION_TABLE,,1
TBAADM,DD_NUMBER_TABLE,,1
TBAADM,DD_SCHEME_TABLE,,1
TBAADM,DD_STATUS_MOD_TABLE,,1
TBAADM,DD_STATUS_TABLE,,1
TBAADM,DEBIT_AUTH_MOD_TABLE,,1
TBAADM,DEF_CHRG_DET_MOD_TABLE,,1
TBAADM,DEF_CHRG_DETAIL_TBL,,1
TBAADM,DEFERRED_CHARGES_TABLE,,1
TBAADM,DENOMINATION_LIEN_MOD_TBL,,1
TBAADM,DENOMINATION_LIEN_TABLE,,1
TBAADM,DEPOSIT_RECEIPT_MOD_TABLE,,1
TBAADM,DEPOSIT_RECEIPT_TABLE,,1
TBAADM,DEV_PROFILE_DTLS_TABLE,,1
TBAADM,DEV_TERM_PROFILE_TABLE,,1
TBAADM,DISBH_TABLE,,1
TBAADM,DISCRET_ADVN_REF_TABLE,,1
TBAADM,DISCRET_ADVN_TABLE,,1
TBAADM,DPD_CYCLE_HISTORY_TABLE,,1
TBAADM,DPD_CYCLE_INFO_TABLE,,1
TBAADM,DPD_CYCLE_SETUP_TABLE,,1
TBAADM,DRWNG_POWER_HIST_MOD_TBL,,1
TBAADM,DRWNG_POWER_HIST_TBL,,1
TBAADM,DSA_COMM_HISTORY_TABLE,,1
TBAADM,DSA_COMM_PAID_HIS_TABLE,,1
TBAADM,DSA_DOC_LIMIT_HIST_TABLE,,1
TBAADM,DSA_DOCUMENT_TABLE,,1
TBAADM,DSA_MASTER_MOD_TABLE,,1
TBAADM,DSA_MASTER_TABLE,,1
TBAADM,DSA_PARM_MAST_TABLE,,1
TBAADM,DSA_PENAL_PEND_HIS_TABLE,,1
TBAADM,DSA_PRODUCT_MOD_TABLE,,1
TBAADM,DSA_PRODUCT_TABLE,,1
TBAADM,DSA_SCHM_LINK_TABLE,,1
TBAADM,DSA_TURNOVER_TABLE,,1
TBAADM,EB_MESSAGE_TABLE,,1
TBAADM,EB_QUEUE_TABLE,,1
TBAADM,ECS_MANDATE_MOD_TABLE,,1
TBAADM,ECS_MANDATE_TABLE,,1
TBAADM,ECS_PARAM_MOD_TABLE,,1
TBAADM,ECS_PARAM_TABLE,,1
TBAADM,EFF_CAL_MAP_TABLE,,1
TBAADM,EIT_REV_TABLE,,1
TBAADM,EMPLOYER_MASTER_TABLE,,1
TBAADM,END_OF_TXN_BAL_DTLS_TBL,,1
TBAADM,ENT_ASSESS_PART_TRAN_TABLE,,1
TBAADM,ENTERPRISE_DTD_TBL,,1
TBAADM,ENTERPRISE_DTH_TBL,,1
TBAADM,ENTITY_CHARGES_MOD_TABLE,,1
TBAADM,ENTITY_CHARGES_TBL,,1
TBAADM,ENTITY_FEE_ASSESS_TABLE,,1
TBAADM,ENTITY_INTEREST_MOD_TABLE,,1
TBAADM,ENTITY_INTEREST_TABLE,,1
TBAADM,EOD_ACCT_BAL_TABLE,,1
TBAADM,EOD_FX_ACCT_BAL_TABLE,,1
TBAADM,EOD_STATUS_TABLE,,1
TBAADM,EOD_TRAN_DETAIL_TABLE,,1
TBAADM,EOD_TRAN_HEADER_TABLE,,1
TBAADM,EQ_CORPORATE_ACTIONS_TBL,,1
TBAADM,EQ_INV_BALANCE_SUMMARY_TBL,,1
TBAADM,EQ_ORDER_TRADE_DTLS_TBL,,1
TBAADM,EQ_ORDER_TRADE_HISTORY_TBL,,1
TBAADM,EQ_PARAMS_EXCEPTION_TBL,,1
TBAADM,EQ_SECURITY_MASTER_TBL,,1
TBAADM,EQ_TRANSFER_DETAILS_TBL,,1
TBAADM,EQ_TRANSFER_HISTORY_TBL,,1
TBAADM,EVENT_LAST_EXEC_TBL,,1
TBAADM,EVENT_TYPE_TABLE,,1
TBAADM,EXCEPTION_CODE_TABLE,,1
TBAADM,EXE_LOCK_TABLE,,1
TBAADM,EXEC_ADV_LINKAGE_TABLE,,1
TBAADM,EXECUTED_ADVICE_MASTER_TBL,,1
TBAADM,EXP_ORD_DET_MOD_TABLE,,1
TBAADM,EXP_ORD_DET_TABLE,,1
TBAADM,EXP_PO_LINKAGE_TABLE,,1
TBAADM,EXT_GENERAL_ACCT_TABLE,,1
TBAADM,EXTN_PRIC_STAT_CHNG_TABLE,,1
TBAADM,FACILITY_USAGE_LOG_TABLE,,1
TBAADM,FACILITY_VERSION_TABLE,,1
TBAADM,FACT_AGMNT_BUYER_TABLE,,1
TBAADM,FACT_AGMNT_CRNCY_TABLE,,1
TBAADM,FACT_AGMNT_HIST_TABLE,,1
TBAADM,FACT_AGMNT_MAINT_TABLE,,1
TBAADM,FACT_AGMNT_PYMT_TABLE,,1
TBAADM,FACT_INS_MASTER_TABLE,,1
TBAADM,FACT_INS_PRMUM_PYMT_TABLE,,1
TBAADM,FACT_INSURANCE_BUYER_TABLE,,1
TBAADM,FACT_INV_EVT_MAP_TABLE,,1
TBAADM,FACT_INVOICE_CMDTY_TABLE,,1
TBAADM,FACT_INVOICE_EVENTS_TABLE,,1
TBAADM,FACT_INVOICE_MAST_TABLE,,1
TBAADM,FACT_PARAM_CRNCY_TABLE,,1
TBAADM,FACT_PARAM_TYPE_TABLE,,1
TBAADM,FACTORING_EVENTS_TABLE,,1
TBAADM,FAIL_ANAL_CHRG_DET,,1
TBAADM,FAIL_ANAL_CHRG_HEAD,,1
TBAADM,FAILURE_EVENT_LOG_TABLE,,1
TBAADM,FAVORITE_MENU_TABLE,,1
TBAADM,FBILL_INT_RATE_HIST_TBL,,1
TBAADM,FC_FWD_CNTRCT_HIST_TABLE,,1
TBAADM,FC_PURCH_SALE_TRAN_TABLE,,1
TBAADM,FEE_ASSMNT_HISTORY_TABLE,,1
TBAADM,FEE_MASTER_TABLE,,1
TBAADM,FEE_WAIVER_HIST_TABLE,,1
TBAADM,FEX_ACCT_ENTRY_TABLE,,1
TBAADM,FEX_ACCT_MAST_TABLE,,1
TBAADM,FEX_BILL_PARM_CRNCY_TABLE,,1
TBAADM,FEX_BILL_PARM_MAST_TABLE,,1
TBAADM,FEX_BILLS_HIST_MOD_TABLE,,1
TBAADM,FEX_BILLS_HIST_TABLE,,1
TBAADM,FEX_CLEAN_INST_TABLE,,1
TBAADM,FEX_CONTROL_TABLE,,1
TBAADM,FEX_INT_PERIOD_CODE_TABLE,,1
TBAADM,FEX_MSG_TABLE,,1
TBAADM,FILE_SEQ_TBL,,1
TBAADM,FINRPT_BASE_TABLE,,1
TBAADM,FINRPT_CUSTOM_DESC,,1
TBAADM,FINRPT_CUSTOM_PROPS,,1
TBAADM,FINRPT_CUSTOM_TABLE,,1
TBAADM,FIRC_REMIT_MAINT_TBL,,1
TBAADM,FLD_LITERAL_MAP_TABLE,,1
TBAADM,FLEXI_FIXED_LINK_MOD_TABLE,,1
TBAADM,FLEXI_FIXED_LINK_TABLE,,1
TBAADM,FLEXI_FIXED_PARM_TABLE,,1
TBAADM,FORCED_MATCH_ENTRY_TABLE,,1
TBAADM,FOREX_DOCUMENT_TABLE,,1
TBAADM,FORM_BLOCK_TABLE,,1
TBAADM,FREE_CODE_FREE_TEXT_TABLE,,1
TBAADM,FREZ_EXCP_MAP_TABLE,,1
TBAADM,FT_CASH_FLOW_TABLE,,1
TBAADM,FT_RATE_DETAIL_TABLE,,1
TBAADM,FUND_VERIFY_DETAILS_TABLE,,1
TBAADM,FUT_POS_REVAL_HIST_TABLE,,1
TBAADM,FUTURE_TRAN_DETAIL_TABLE,,1
TBAADM,FUTURE_TRAN_HEADER_TABLE,,1
TBAADM,FUTURE_VALUE_DT_TRAN_TABLE,,1
TBAADM,FWC_REGISTER_TABLE,,1
TBAADM,FWC_SWAP_CHRG_TABLE,,1
TBAADM,FWD_CNTRCT_MAST_TABLE,,1
TBAADM,FX_AGENT_CODE_TABLE,,1
TBAADM,FX_BILL_ADDITIONAL_TABLE,,1
TBAADM,FX_BILL_COACCEPTANCE_TABLE,,1
TBAADM,FX_BILL_CRNCY_PARAM_TABLE,,1
TBAADM,FX_BILL_EXPORTS_TABLE,,1
TBAADM,FX_BILL_IMPORTS_TABLE,,1
TBAADM,FX_BILL_MASTER_TABLE,,1
TBAADM,FX_BILL_PARAM_TABLE,,1
TBAADM,FX_BILL_REG_TYPE_TABLE,,1
TBAADM,FX_BILL_UPLOAD_TABLE,,1
TBAADM,FX_CUST_INT_CODE_TBL_DET,,1
TBAADM,FX_CUST_INT_CODE_TBL,,1
TBAADM,FX_DOC_DETAILS_TABLE,,1
TBAADM,FX_EXPORTS_IMPORTS_TABLE,,1
TBAADM,FX_GL_SUB_HEAD_TRAN_TABLE,,1
TBAADM,FX_MTENOR_BILL_TABLE,,1
TBAADM,FX_REMIT_FOR_IMPORTS_TBL,,1
TBAADM,GAM_UPD_PROPGN_TABLE,,1
TBAADM,GEN_ACCT_CLASS_MOD_TABLE,,1
TBAADM,GEN_ACCT_CLASS_TABLE,,1
TBAADM,GEN_ACCT_EXTN_MOD_TABLE,,1
TBAADM,GEN_ACCT_MAST_MOD_TABLE,,1
TBAADM,GEN_CAL_MAP_TABLE,,1
TBAADM,GEN_CHRG_HEADER_TBL,,1
TBAADM,GEN_DEF_PROC_TBL,,1
TBAADM,GEN_EMP_TABLE,,1
TBAADM,GEN_SCHM_PARM_TABLE,,1
TBAADM,GENERAL_ACCT_EXTN_TABLE,,1
TBAADM,GENERAL_ACCT_MAST_TABLE,,1
TBAADM,GENERAL_EMPLOYEE_CRNCY_TBL,,1
TBAADM,GENERAL_FACILITY_TABLE,,1
TBAADM,GENERAL_MARGIN_HISTORY,,1
TBAADM,GENERAL_MARGIN_MASTER,,1
TBAADM,GENERIC_CONTINGENT_TBL,,1
TBAADM,GENERIC_MOD_TBL,,1
TBAADM,GENERIC_TEMPLATE_MOD_TABLE,,1
TBAADM,GENERIC_TEMPLATE_TABLE,,1
TBAADM,GL_SUB_HEAD_SCHM_TABLE,,1
TBAADM,GL_SUB_HEAD_TABLE,,1
TBAADM,GL_SUB_HEAD_TRAN_TABLE,,1
TBAADM,GL_SUB_HEAD_VLDT_TABLE,,1
TBAADM,GLOB_PROD_PARAM_MOD_TABLE,,1
TBAADM,GLOB_PROD_PARAM_TABLE,,1
TBAADM,GLX_TEMP_TABLE,,1
TBAADM,GPPT_HISTORY_TABLE,,1
TBAADM,GPR_REPORT_DEFN_TABLE,,1
TBAADM,GR_DETAIL_TABLE,,1
TBAADM,GR_HEADER_TABLE,,1
TBAADM,GTT_HISTORY_TABLE,,1
TBAADM,HELP_TOPIC_TABLE,,1
TBAADM,HIST_TRAN_DTL_TABLE,,1
TBAADM,HIST_TRAN_HEADER_TABLE,,1
TBAADM,HO_COMMON_TABLE,,1
TBAADM,HOC_SCHM_PARM_TABLE,,1
TBAADM,HOLIDAY_DESC_TABLE,,1
TBAADM,HOLIDAY_MAST_TABLE,,1
TBAADM,HOLIDAY_TABLE,,1
TBAADM,HOST_TERM_MAP_TABLE,,1
TBAADM,HOT_ITEMS_TABLE,,1
TBAADM,HOT_ITEMS_VERIFY_TABLE,,1
TBAADM,IAS_CLASS_TBL,,1
TBAADM,IB_RECON_TBL,,1
TBAADM,IBAN_MAST_TABLE,,1
TBAADM,IMAGE_MOD_TABLE,,1
TBAADM,IMAGE_TABLE,,1
TBAADM,IMPL_INT_PERIOD_CODE_TABLE,,1
TBAADM,IN_AADHAR_DWNLD_DETAILS,,1
TBAADM,IN_AADHAR_UNUM_DWNLD_TABLE,,1
TBAADM,IN_ACCOUNT_LIEN_TABLE,,1
TBAADM,IN_ACCT_LIEN_HISTORY_TABLE,,1
TBAADM,IN_ACCT_USER_NUM_TABLE,,1
TBAADM,IN_CCY_TRAN_REPORT_TBL,,1
TBAADM,IN_CRNCY_SCHM_PARM_TBL,,1
TBAADM,IN_CROP_GEN_DETAILS_TABLE,,1
TBAADM,IN_CTR_AGGREGATE_TBL,,1
TBAADM,IN_GEN_SCHM_PARM_TABLE,,1
TBAADM,IN_IND_LOC_GEN_PARAM_TABLE,,1
TBAADM,IN_LA_SCHM_PARM_TABLE,,1
TBAADM,IN_LOCALE_DTD_TABLE,,1
TBAADM,IN_LOCALE_GAM_TBL,,1
TBAADM,IN_LOCALE_GCT_TABLE,,1
TBAADM,IN_MONETARY_INSTRMNT_LOG,,1
TBAADM,IN_PPF_DEBIT_INT_TABLE,,1
TBAADM,IN_PPF_LOAN_HIST_TABLE,,1
TBAADM,IN_PPF_LOAN_TABLE,,1
TBAADM,IN_REFERENCE_CODE_TABLE,,1
TBAADM,IN_TDS_EXEM_ACCOUNT_TABLE,,1
TBAADM,IN_TDS_EXEM_CIF_TABLE,,1
TBAADM,IN_TRANS_REF_CODE_TABLE,,1
TBAADM,IN_UNCLAIM_STATUS_TABLE,,1
TBAADM,IN_USER_NUM_DWLD_DETAILS,,1
TBAADM,IN_WELCOME_KIT_DTL_TABLE,,1
TBAADM,IN_WELCOME_KIT_RQT_TABLE,,1
TBAADM,INLAND_BILL_UPLOAD_TABLE,,1
TBAADM,INQ_AUDIT_ENB_SRV_TBL,,1
TBAADM,INQ_AUDIT_LIT_METADATA_TBL,,1
TBAADM,INQUIRY_AUDIT_TABLE,,1
TBAADM,INSTANT_TOD_DETAIL_TBL,,1
TBAADM,INSTRUMENT_CODE_TABLE,,1
TBAADM,INT_ADJ_RGTR_HIST_TABLE,,1
TBAADM,INT_ADJUSTMENT_RGTR_TABLE,,1
TBAADM,INT_ADMINISTRATION_TABLE,,1
TBAADM,INT_CODE_VERSION_MOD_TABLE,,1
TBAADM,INT_CODE_VERSION_TABLE,,1
TBAADM,INT_RECALC_PARAMETER_TBL,,1
TBAADM,INT_TBL_CODE_MASTER_TABLE,,1
TBAADM,INT_TBL_CODE_MOD_TABLE,,1
TBAADM,INT_TBL_CODE_TABLE,,1
TBAADM,INT_VERSION_SLAB_MOD_TABLE,,1
TBAADM,INT_VERSION_SLAB_TABLE,,1
TBAADM,INTER_BR_ADVICES_TABLE,,1
TBAADM,INTER_BR_CONTROL_TABLE,,1
TBAADM,INTER_BR_NONFIN_TRAN_TABLE,,1
TBAADM,INTER_BR_ORIG_TRAN_TABLE,,1
TBAADM,INTER_BR_RESP_TRAN_TABLE,,1
TBAADM,INTER_BR_SEED_TABLE,,1
TBAADM,INTER_BR_TEMP_1_TABLE,,1
TBAADM,INTER_BR_TEMP_2_TABLE,,1
TBAADM,INTER_BR_TEMP_3_TABLE,,1
TBAADM,INTER_BR_TEMP_4_TABLE,,1
TBAADM,INTER_BR_TRAN_TABLE,,1
TBAADM,INTER_POOL_INVEST_TABLE,,1
TBAADM,INTEREST_DET_HISTORY_TABLE,,1
TBAADM,INTEREST_DETAILS_TABLE,,1
TBAADM,INTEREST_GRACE_PERIOD_TBL,,1
TBAADM,INTEREST_HISTORY_TABLE,,1
TBAADM,INTEREST_RPT_DET_TABLE,,1
TBAADM,INTERFACE_REQUEST_DTL_TBL,,1
TBAADM,INTR_BR_RESP_TRAN_REF_TBL,,1
TBAADM,INVENTORY_LOCN_CLASS_TABLE,,1
TBAADM,INVENTORY_LOCN_ID_TABLE,,1
TBAADM,INVENTORY_MASTER_TABLE,,1
TBAADM,INVENTORY_TABLE,,1
TBAADM,INVENTORY_XFER_TABLE,,1
TBAADM,INVOICE_CRITERIA_DTLS,,1
TBAADM,INW_CLG_INST_TABLE,,1
TBAADM,INW_CLG_PART_TRAN_TABLE,,1
TBAADM,INW_CLG_ZONE_CODE_TABLE,,1
TBAADM,INW_CLG_ZONE_HDR_TABLE,,1
TBAADM,IRCM_TBL,,1
TBAADM,ISL_LIAB_POOL_GEN_TABLE,,1
TBAADM,ISL_LIAB_POOL_PART_TABLE,,1
TBAADM,ISL_PRF_ADJ_TRAN_TBL,,1
TBAADM,ISL_PROFIT_ADJ_TBL,,1
TBAADM,ISL_PROFIT_CF_ADJ_TBL,,1
TBAADM,ISL_WORK_CPT_DETL_TABLE,,1
TBAADM,ISL_WORK_CPT_HDR_TABLE,,1
TBAADM,ISLAMIC_POOL_PRFT_CALC_TBL,,1
TBAADM,ISLAMIC_POOL_PRFT_DIST_TBL,,1
TBAADM,JOB_COLLECTOR_HIST_TABLE,,1
TBAADM,JOB_COLLECTOR_TABLE,,1
TBAADM,JOB_EVT_MAINT_TABLE,,1
TBAADM,KCC_DEMAND_ADJUSTED_TABLE,,1
TBAADM,KCC_DEMAND_TABLE,,1
TBAADM,LA_ACCT_MAST_TABLE,,1
TBAADM,LA_DIS_SHDL_TABLE,,1
TBAADM,LA_DMD_ADJ_TABLE,,1
TBAADM,LA_DMD_HISTORY_TABLE,,1
TBAADM,LA_DMD_TABLE,,1
TBAADM,LA_FLOW_MNT_TABLE,,1
TBAADM,LA_FOLLOWUP_HIST_TABLE,,1
TBAADM,LA_INT_SLAB_MOD_TBL,,1
TBAADM,LA_INT_VERSION_SLAB_TABLE,,1
TBAADM,LA_PDC_PROCESS_RPT_TABLE,,1
TBAADM,LA_PENAL_DMD_TABLE,,1
TBAADM,LA_PRIOR_STLMNT_TABLE,,1
TBAADM,LA_PROD_REBATE_CLAWBK_TBL,,1
TBAADM,LA_REBATE_CLAWBK_ASMNT_TBL,,1
TBAADM,LA_REFIN_ACCT_MAST_TABLE,,1
TBAADM,LA_REP_SHDL_HISTORY_TABLE,,1
TBAADM,LA_REP_SHDL_TABLE,,1
TBAADM,LA_REPRICING_PARAMS_TBL,,1
TBAADM,LA_RESHDL_HDR_TABLE,,1
TBAADM,LA_RSHDL_PARAMETER_TBL,,1
TBAADM,LA_SCHM_PARM_TABLE,,1
TBAADM,LA_SHDL_BALANCE_TABLE,,1
TBAADM,LA_SUB_ACCT_MAST_TABLE,,1
TBAADM,LA_SUBSIDY_DMD_TABLE,,1
TBAADM,LA_SUBVN_AMORT_TBL,,1
TBAADM,LA_TRAN_DETAIL_TABLE,,1
TBAADM,LAC_CLTRL_LINK_TABLE,,1
TBAADM,LAC_COL_INT_TABLE,,1
TBAADM,LAC_SCHEME_PARAM_TABLE,,1
TBAADM,LARGE_REFERENCE_CODE_TABLE,,1
TBAADM,LEDGER_FOLIO_TABLE,,1
TBAADM,LETTER_TABLE,,1
TBAADM,LI_DEALER_MASTER_TABLE,,1
TBAADM,LI_DEALER_SUBVENTION_TABLE,,1
TBAADM,LI_MAINT_PRTNR_DETL_TABLE,,1
TBAADM,LICENSING_DETAILS_TABLE,,1
TBAADM,LIEN_PART_TRAN_TABLE,,1
TBAADM,LIM_HISTORY_EVENT_TABLE,,1
TBAADM,LIM_HISTORY_MOD_TABLE,,1
TBAADM,LIM_HISTORY_TABLE,,1
TBAADM,LIMIT_DOC_TABLE,,1
TBAADM,LIMIT_LIAB_MOD_TABLE,,1
TBAADM,LIMIT_LIAB_TABLE,,1
TBAADM,LIMIT_NODE_HISTORY_TABLE,,1
TBAADM,LIMIT_NODE_TRAN_TABLE,,1
TBAADM,LIMIT_SEASONAL_TABLE,,1
TBAADM,LIMIT_TRANSFER_TABLE,,1
TBAADM,LIT_LGL_ACTION_DTLS_TBL,,1
TBAADM,LN_CREDIT_RATING_TABLE,,1
TBAADM,LN_GENERAL_DETAILS_TABLE,,1
TBAADM,LN_RISK_MITIGATION_TABLE,,1
TBAADM,LN_SHARED_LIMIT_TABLE,,1
TBAADM,LN_TERMS_COND_MOD_TABLE,,1
TBAADM,LN_TERMS_CONDITIONS_TABLE,,1
TBAADM,LN_TIMEBAND_LIMIT_TABLE,,1
TBAADM,LN_USER_MAINT_LIAB_TABLE,,1
TBAADM,LOAN_DEFERMENT_DETAIL_TBL,,1
TBAADM,LOANS_DATE_SHIFT_TABLE,,1
TBAADM,LOGIN_DEBUG_TABLE,,1
TBAADM,LOGIN_LOG_TABLE,,1
TBAADM,LOGIN_TABLE,,1
TBAADM,LOGIN_VAL_ITEMS_TABLE,,1
TBAADM,LOGIN_VAL_SCHM_CODE_TABLE,,1
TBAADM,LS_LA_ACCT_MAST_TABLE,,1
TBAADM,LS_PO_ISSUE_CONFRM,,1
TBAADM,MAINT_ASSET_COST_COMPS,,1
TBAADM,MAINT_ASSET_ID_GENERAL,,1
TBAADM,MAINT_BANK_SET_TABLE,,1
TBAADM,MAINT_COMMDTY_DTLS_HIST,,1
TBAADM,MAINT_COMMODITY_DETAILS,,1
TBAADM,MAINT_INSURNC_AGNCY_DTL,,1
TBAADM,MAINTAIN_ASSET_DTLS,,1
TBAADM,MAINTAIN_TAX_CODE_DTLS_TBL,,1
TBAADM,MAJOR_MINOR_FACILITY_TABLE,,1
TBAADM,MAND_EXEC_TBL,,1
TBAADM,MAND_MNT_DOC_MAST_TBL,,1
TBAADM,MAND_MNT_HIST_TBL,,1
TBAADM,MAND_PYMT_MOD_TBL,,1
TBAADM,MAND_PYMT_TBL,,1
TBAADM,MARK_INVOKE_DETAILS_TBL,,1
TBAADM,MASTER_ACCT_MAINT_TABLE,,1
TBAADM,MAX_HOLDING_PARAM_TABLE,,1
TBAADM,MEMO_PAD_TABLE,,1
TBAADM,MENU_GRP_MAINT_TABLE,,1
TBAADM,MENU_GRP_STS_MAINT_TABLE,,1
TBAADM,MENU_TIME_STAMP_TABLE,,1
TBAADM,MESG_QUEUE_TABLE,,1
TBAADM,MESSAGE_MOD_TABLE,,1
TBAADM,MESSAGE_TABLE,,1
TBAADM,MINI_STMNT_DETAILS_TABLE,,1
TBAADM,MINI_TRAN_DETAIL_TABLE,,1
TBAADM,ML_LCT_TBL,,1
TBAADM,ML_TLIT_TBL,,1
TBAADM,ML_TMSG_TBL,,1
TBAADM,MLM_LIMIT_TBL,,1
TBAADM,MNTN_TAX_WAIVER_DTLS_TABLE,,1
TBAADM,MODULE_MAST_LOC_TABLE,,1
TBAADM,MODULE_REF_CODE,,1
TBAADM,MODULE_SUBMODULE_MAP,,1
TBAADM,MSG_TEMPL_DTLS_TABLE,,1
TBAADM,MSG_TEMPL_HEADER_TABLE,,1
TBAADM,MSTR_SLV_ACCT_MNTC_TABLE,,1
TBAADM,MU_ACCT_MAST_TABLE,,1
TBAADM,MU_ACCTPAYOUT_DISTR_TABLE,,1
TBAADM,MU_POOLPAYOUT_DISTR_TABLE,,1
TBAADM,MUD_ACC_BOOK_HIST_TABLE,,1
TBAADM,MUD_ACCT_MAST_TABLE,,1
TBAADM,MUD_ACCT_PROF_DET_TABLE,,1
TBAADM,MUD_POOL_CRNCY_TABLE,,1
TBAADM,MUD_POOL_GEN_PARM_TABLE,,1
TBAADM,MUD_POOL_PROF_DISTR_TABLE,,1
TBAADM,MUD_POOL_SCHM_PRM_TABLE,,1
TBAADM,MUD_PRF_SHARECD_VER_TABLE,,1
TBAADM,MUD_PROF_BOOK_HIST_TABLE,,1
TBAADM,MUD_PROFIT_CALC_DIST_TABLE,,1
TBAADM,MUD_PROFIT_SHARE_DET_TABLE,,1
TBAADM,MUD_PROFIT_SHARE_TABLE,,1
TBAADM,MULTI_CRNCY_TRAN_DET_TBL,,1
TBAADM,MULTI_PROFILE_BANK_TABLE,,1
TBAADM,MUR_COMM_TOPUP_TABLE,,1
TBAADM,MUR_PURCHASE_SALE_COMM_TBL,,1
TBAADM,NAME_AND_ADD_MOD_TABLE,,1
TBAADM,NAME_AND_ADD_TABLE,,1
TBAADM,NETWORK_DIRECTORY_TBL,,1
TBAADM,NETWORK_DIRECTORY_TEMP_TBL,,1
TBAADM,NEXT_NUMBER_DETAIL_TABLE,,1
TBAADM,NEXT_NUMBER_TABLE,,1
TBAADM,NOSTRO_ACCT_MAST_TABLE,,1
TBAADM,NOSTRO_ACCT_MASTER_TABLE,,1
TBAADM,NOSTRO_ACCT_MOD_TABLE,,1
TBAADM,NUM_OF_ACCT_UNDR_GL_TABLE,,1
TBAADM,OA_SCHM_PARM_TABLE,,1
TBAADM,OBJECT_EVENT_LOG_TBL,,1
TBAADM,OBJECT_TEMPLATE_TABLE,,1
TBAADM,OD_SCHM_PARM_TABLE,,1
TBAADM,OFAC_DATA_STRUCT_HIST_TBL,,1
TBAADM,OFAC_DATA_STRUCT_TBL,,1
TBAADM,OFFLINE_CHARGE_TABLE,,1
TBAADM,ONX_SWTCH_STATUS_TABLE,,1
TBAADM,ORG_TRAN_TABLE,,1
TBAADM,ORIG_PARAMETER_MOD_TABLE,,1
TBAADM,ORIG_PARAMETER_TABLE,,1
TBAADM,OTC_MOD_TABLE,,1
TBAADM,OTC_TABLE,,1
TBAADM,OUT_CLG_INSTRMNT_TABLE,,1
TBAADM,OUT_CLG_INSTRMNT_TMP_TABLE,,1
TBAADM,OUT_CLG_PART_TRAN_TABLE,,1
TBAADM,OUT_CLG_SET_TABLE,,1
TBAADM,OUT_ZONE_CODE_TABLE,,1
TBAADM,OUT_ZONE_HDR_TABLE,,1
TBAADM,PAID_CHQ_RETURN_TABLE,,1
TBAADM,PARAMETERS_TABLE,,1
TBAADM,PARM_MAST_TABLE,,1
TBAADM,PART_TRAN_EXCEPTION_TABLE,,1
TBAADM,PART_TRAN_TEMPL_MOD_TABLE,,1
TBAADM,PART_TRAN_TEMPL_TABLE,,1
TBAADM,PARTIAL_CHRG_LIEN_MAP_TBL,,1
TBAADM,PAYER_SUBSCRIPTION_TABLE,,1
TBAADM,PAYMENT_ORDER_DETAIL_TABLE,,1
TBAADM,PAYMENT_ORDER_HEADER_TABLE,,1
TBAADM,PAYSYS_MSG_PARM_MOD_TBL,,1
TBAADM,PAYSYS_MSG_PARM_TBL,,1
TBAADM,PAYSYS_PARAM_MOD_TABLE,,1
TBAADM,PAYSYS_PARAM_TABLE,,1
TBAADM,PAYSYS_SRL_PAY_MOD_TBL,,1
TBAADM,PAYSYS_SRL_PAY_TBL,,1
TBAADM,PAYSYS_TRX_DTL_HIST_TABLE,,1
TBAADM,PAYSYS_TRX_DTL_TABLE,,1
TBAADM,PAYSYS_TRX_HDR_HIST_TABLE,,1
TBAADM,PAYSYS_TRX_HDR_TABLE,,1
TBAADM,PAYSYS_TRX_WORK_TABLE,,1
TBAADM,PC_FC_LINK_TABLE,,1
TBAADM,PCA_DISB_OFFSET_TABLE,,1
TBAADM,PCA_EXP_DC_NUM_TABLE,,1
TBAADM,PDC_CLEARING_ZONE,,1
TBAADM,PDC_LINK_ACCT_MOD_TBL,,1
TBAADM,PDC_LINK_ACCT_TBL,,1
TBAADM,PDC_OPER_EXT_TBL,,1
TBAADM,PENDING_PAYMENTS_TABLE,,1
TBAADM,PENDING_REQUESTS_TABLE,,1
TBAADM,PERIOD_BAL_REPORT_TABLE,,1
TBAADM,PNL_INT_TBL_CODE_TABLE,,1
TBAADM,PO_AMEND_TEMP_TABLE,,1
TBAADM,POOL_ACCOUNT_RELTN_TABLE,,1
TBAADM,POOL_DAILY_BALANCE_TABLE,,1
TBAADM,POOL_OF_FUNDS_MOD_TABLE,,1
TBAADM,POOL_OF_FUNDS_TABLE,,1
TBAADM,PORTAL_MENU_INFO_TABLE,,1
TBAADM,PORTFOLIO_PROV_DETAIL_TBL,,1
TBAADM,PORTFOLIO_PROV_PARAM_TBL,,1
TBAADM,PORTL_MNU_TIME_STMP_TABLE,,1
TBAADM,POS_PAY_ACCT_DEF,,1
TBAADM,POS_PAY_CUSTOMER_DEF,,1
TBAADM,POS_PAY_FILE_TABLE,,1
TBAADM,POS_PAY_HISTORY_TABLE,,1
TBAADM,POS_PAY_SERVICE_DEF,,1
TBAADM,POS_PAY_VAL_TABLE,,1
TBAADM,POST_DATED_CHQ_CLR,,1
TBAADM,POST_DATED_CHQ_HIS_MOD_TBL,,1
TBAADM,POST_DATED_CHQ_HIST_TABLE,,1
TBAADM,POST_DATED_CHQ_MOD_TABLE,,1
TBAADM,POST_DATED_CHQ_TABLE,,1
TBAADM,PRE_EMI_PROCESS_TABLE,,1
TBAADM,PREV_DAY_BATCH_JOB_TABLE,,1
TBAADM,PRINT_QUEUE_TABLE,,1
TBAADM,PRNTR_TABLE,,1
TBAADM,PRODUCT_CHARGES_TABLE,,1
TBAADM,PRODUCT_DOCUMENT_TABLE,,1
TBAADM,PSP_TEMP_TABLE,,1
TBAADM,PST_SUMMARY_TABLE,,1
TBAADM,PUBLIC_ISSUE_TABLE,,1
TBAADM,PURGE_EVENT_MAST_HIST_TBL,,1
TBAADM,PURGE_EVENT_MAST_TABLE,,1
TBAADM,PURGE_TABLE,,1
TBAADM,PYMNT_RCPT_DET_MOD_TABLE,,1
TBAADM,PYMNT_RCPT_DET_TABLE,,1
TBAADM,PYMNT_RCPT_HDR_MOD_TABLE,,1
TBAADM,PYMNT_RCPT_HDR_TABLE,,1
TBAADM,PYMT_ORDR_BANK_LVL_PRM_TBL,,1
TBAADM,RANGE_KEY_TABLE,,1
TBAADM,RATECODE_SEQ_TABLE,,1
TBAADM,RATELIST_HIST_TABLE,,1
TBAADM,RATELIST_MAST_TABLE,,1
TBAADM,RATELIST_MOD_TABLE,,1
TBAADM,RATELIST_TABLE,,1
TBAADM,RD_SCHM_PARAM_TABLE,,1
TBAADM,RD_TRANSACTION_TBL,,1
TBAADM,RECALC_INT_DET_TABLE,,1
TBAADM,RECALC_INT_RPT_DET_TABLE,,1
TBAADM,RECOG_SUSP_INT_TBL,,1
TBAADM,RECON_STATUS_TABLE,,1
TBAADM,RECV_CORR_BANK_TABLE,,1
TBAADM,REF_TRN_TBL,,1
TBAADM,REFERENCE_CODE_TABLE,,1
TBAADM,REFERENCE_MESSAGE_TABLE,,1
TBAADM,REFERRAL_DATA_STORAGE_TBL,,1
TBAADM,REFERRAL_DETAILS_TABLE,,1
TBAADM,REFERRAL_DTLS_HIST_TABLE,,1
TBAADM,REFERRAL_HEADER_HIST_TABLE,,1
TBAADM,REFERRAL_HEADER_TABLE,,1
TBAADM,REG_MAND_SRVC_TBL,,1
TBAADM,REGISTER_BALANCE_TABLE,,1
TBAADM,REGN_RESP_ACCT_DETAIL_TBL,,1
TBAADM,REL_PEG_INTERMEDIATE_TABLE,,1
TBAADM,REMIT_SITD_TRAN_TABLE,,1
TBAADM,REMIT_THRU_SI_TD_TABLE,,1
TBAADM,REPLAY_TABLE,,1
TBAADM,REPORT_DETAILS_TABLE_MAINT,,1
TBAADM,REPORT_OPTION_TBL,,1
TBAADM,RESP_ACCT_DETAIL_TABLE,,1
TBAADM,RESTRICTION_DEF_TABLE,,1
TBAADM,RESTRICTION_REF_CODE_TABLE,,1
TBAADM,REVL_MARK_DETAILS_TABLE,,1
TBAADM,REVL_MARK_HEADER_TABLE,,1
TBAADM,REVOD_ACCT_MAST_TABLE,,1
TBAADM,REVOD_BILL_TABLE,,1
TBAADM,REVOD_PAYMNT_TABLE,,1
TBAADM,REVOD_SCHM_PARM_TABLE,,1
TBAADM,RMI_BUSS_ERR_TABLE,,1
TBAADM,ROLE_EVENT_AMTMTRX_TABLE,,1
TBAADM,ROLE_EVT_APPR_LMT_TBL,,1
TBAADM,RPC_DISB_MASTER_MOD_TABLE,,1
TBAADM,RPC_DISB_MASTER_TABLE,,1
TBAADM,RTMT_CAT_MASTER_DTLS_TABLE,,1
TBAADM,RTMT_SUB_CAT_DTLS_TABLE,,1
TBAADM,RULE_ID_FOR_TRAN_CODE,,1
TBAADM,SAL_UPLD_EXPN_RPT_TBL,,1
TBAADM,SB_DR_INTEREST_TABLE,,1
TBAADM,SBCA_MAST_TABLE,,1
TBAADM,SBCA_SCHM_PARM_TABLE,,1
TBAADM,SCHM_CHANGE_TABLE,,1
TBAADM,SCHM_TRAN_RPT_CODE_TABLE,,1
TBAADM,SD_LOCK_CHARGE_COLLECTION,,1
TBAADM,SD_LOCK_CHARGE_MASTER,,1
TBAADM,SD_LOCK_CUST_NOM_MASTER,,1
TBAADM,SD_LOCK_CUSTOMER_MASTER,,1
TBAADM,SD_LOCK_DUE_RENT_VERSION,,1
TBAADM,SD_LOCK_FREQUENCY_MASTER,,1
TBAADM,SD_LOCK_KEY_EXCHANGE,,1
TBAADM,SD_LOCK_KEY_MASTER,,1
TBAADM,SD_LOCK_OPERATIONS,,1
TBAADM,SD_LOCK_PLACEHOLDER_MASTER,,1
TBAADM,SD_LOCK_REPORT_MASTER,,1
TBAADM,SD_LOCK_SPECIAL_CUSTOMER,,1
TBAADM,SD_LOCK_TRAN_TYPE,,1
TBAADM,SD_LOCK_TYPE_RENT_MASTER,,1
TBAADM,SDS_IPADDR_TABLE,,1
TBAADM,SEC_AGENCY_MAST_TABLE,,1
TBAADM,SEC_PATTERN_MASTER_TBL,,1
TBAADM,SEC_POOL_MASTER_TBL,,1
TBAADM,SEC_SPV_MASTER_TBL,,1
TBAADM,SECU_CHRG_DET_TABLE,,1
TBAADM,SECU_DETAIL_RGTR_HIST_TBL,,1
TBAADM,SECU_DETAIL_RGTR_MOD_TABLE,,1
TBAADM,SECU_DETAIL_RGTR_TABLE,,1
TBAADM,SECU_INC_EXP_DET_TABLE,,1
TBAADM,SECU_INSP_DET_TABLE,,1
TBAADM,SECU_INSU_PCLS_TABLE,,1
TBAADM,SERVICE_CMD_PARM_TABLE,,1
TBAADM,SERVICE_OUTLET_MOD_TABLE,,1
TBAADM,SERVICE_OUTLET_TABLE,,1
TBAADM,SERVICE_PARAM_TABLE,,1
TBAADM,SERVICE_SOL_MOD_TABLE,,1
TBAADM,SERVICE_SOL_TABLE,,1
TBAADM,SET_ID_MOD_TABLE,,1
TBAADM,SET_ID_TABLE,,1
TBAADM,SET_UP_MAND_PRM_TBL,,1
TBAADM,SG_MASTER_MOD_TABLE,,1
TBAADM,SG_MASTER_TABLE,,1
TBAADM,SH_REG_GEN_PARM_MNT_TBL,,1
TBAADM,SHDL_BALANCE_HIST_TABLE,,1
TBAADM,SIMULATION_DETAIL_TBL,,1
TBAADM,SIMULATION_HEADER_TBL,,1
TBAADM,SLA_TABLE,,1
TBAADM,SOL_DATA_DISTR_LIST_TABLE,,1
TBAADM,SOL_DATA_DISTRBTN_TABLE,,1
TBAADM,SOL_GROUP_CONTROL_MOD_TBL,,1
TBAADM,SOL_GROUP_CONTROL_TABLE,,1
TBAADM,SOL_ID_SET_TABLE,,1
TBAADM,SOL_SDS_RELATION_TABLE,,1
TBAADM,SOL_VAL_HIST_TABLE,,1
TBAADM,SOL_VAL_MAST_TABLE,,1
TBAADM,SP_GEN_DESCRIPTION_TABLE,,1
TBAADM,SP_ORDER_DETAILS_TABLE,,1
TBAADM,SP_ORDER_FEE_TRANS_TABLE,,1
TBAADM,SP_ORDER_REDEM_DTL_TABLE,,1
TBAADM,SP_PARAMETERS_TABLE,,1
TBAADM,SP_REFCODE_MASTER_TBL,,1
TBAADM,SPARROW_TRAN_TABLE,,1
TBAADM,SQLDBA_AUDIT_TABLE,,1
TBAADM,SSA_PLAN_MAINT_MAST_TABLE,,1
TBAADM,SSMT_TBL,,1
TBAADM,STANDALONE_COLL_MNT_TABLE,,1
TBAADM,STINV_MASTER_TABLE,,1
TBAADM,STINV_REGISTER_TABLE,,1
TBAADM,STNDALNE_COLL_MNT_HIST_TBL,,1
TBAADM,STOP_PAYMENT_DUM_TABLE,,1
TBAADM,STOP_PAYMENT_REG_TABLE,,1
TBAADM,SUBHEAD_BUDGET_TABLE,,1
TBAADM,SVS_ADDTL_DET_TABLE,,1
TBAADM,SWIFT_MSG_ADDITIONAL_TABLE,,1
TBAADM,SWIFT_MSG_FOLLOWUP_TABLE,,1
TBAADM,SWIFT_MSG_HISTORY_TABLE,,1
TBAADM,SYND_FAC_GEN_DTLS_TABLE,,1
TBAADM,SYND_FEE_APP_DTLS_TABLE,,1
TBAADM,SYND_PAY_SUMMARY_TABLE,,1
TBAADM,SYND_PLEND_UWRTR_DTL_TABLE,,1
TBAADM,SYS_TRAN_CODE_DTLS_TABLE,,1
TBAADM,TABLE_ENTITY_MAPPING,,1
TBAADM,TABLES_TABLE,,1
TBAADM,TAX_CODE_VERSION_TABLE,,1
TBAADM,TC_CCY_DETAILS_TABLE,,1
TBAADM,TD_ACCT_MASTER_MOD_TABLE,,1
TBAADM,TD_ACCT_MASTER_TABLE,,1
TBAADM,TD_DEFN_MOD_TABLE,,1
TBAADM,TD_DEFN_TABLE,,1
TBAADM,TD_INT_DEFN_TABLE,,1
TBAADM,TD_INT_VERSION_SLAB_TABLE,,1
TBAADM,TD_SCHM_DEFN_TABLE,,1
TBAADM,TD_SCHM_PARAM_TABLE,,1
TBAADM,TD_TRAN_TABLE,,1
TBAADM,TDS_INTERFACE_TABLE,,1
TBAADM,TEMP_ACCT_PARTITION_TABLE,,1
TBAADM,TEMP_BAR_ADVICE_TABLE,,1
TBAADM,TEMP_DD_CREDITS_TABLE,,1
TBAADM,TEMP_DD_DEBITS_TABLE,,1
TBAADM,TEMP_DISCRET_ADVN_TABLE,,1
TBAADM,TEMP_EOD_TRAN_DETAIL_TABLE,,1
TBAADM,TEMP_FFL_TABLE,,1
TBAADM,TEMP_GR_DETAIL_TABLE,,1
TBAADM,TEMP_HO_COMMON_TABLE,,1
TBAADM,TEMP_LA_TRAN_DETAIL_TABLE,,1
TBAADM,TEMP_TRAN_CONTRA_TABLE,,1
TBAADM,TEMP_TRAN_TABLE,,1
TBAADM,TEMPLATE_DTLS_TABLE,,1
TBAADM,TEMPLATE_HEADER_TABLE,,1
TBAADM,TEMPLATE_TYPE_DTLS_TBL,,1
TBAADM,TEMPORARY_FEE_DTLS_TABLE,,1
TBAADM,TEMPORARY_FEE_HEADER_TABLE,,1
TBAADM,TEMPORARY_LIMIT_TABLE,,1
TBAADM,TERM_ID_SCHEME_CODES_TABLE,,1
TBAADM,TERMINAL_PROFILE_TABLE,,1
TBAADM,TF_ADDRESS_TABLE,,1
TBAADM,TF_CREDIT_NOTE_DTLS_TABLE,,1
TBAADM,TF_DOC_PARAM_TBL,,1
TBAADM,TF_ISL_FIN_DTL_TABLE,,1
TBAADM,TF_ISLAMIC_ACCT_TBL,,1
TBAADM,TF_ISLAMIC_ENTITY_TABLE,,1
TBAADM,TF_ISLAMIC_PARAM_TABLE,,1
TBAADM,TF_TXT_MAIN_TABLE,,1
TBAADM,TFIN_ADV_PAYMENT_DTL_TBL,,1
TBAADM,TFIN_ADV_PAYMENT_UTIL_TBL,,1
TBAADM,TFIN_AUTO_RENEW_AMND_TABLE,,1
TBAADM,TFIN_AUTO_RENEWAL_TABLE,,1
TBAADM,TFIN_AUTO_SCH_AMEND_TABLE,,1
TBAADM,TFIN_AUTO_SCHEDULE_TABLE,,1
TBAADM,TFIN_CHARGES_TBL,,1
TBAADM,TFIN_CHRG_OFF_HIST_TBL,,1
TBAADM,TFIN_CHRG_OFF_TABLE,,1
TBAADM,TFIN_COMMON_CRNCY_TABLE,,1
TBAADM,TFIN_DEF_CHARGES_TBL,,1
TBAADM,TFIN_EVENT_CONV_TBL,,1
TBAADM,TFIN_EVENT_PYMT_TBL,,1
TBAADM,TFIN_EVENT_TXN_TBL,,1
TBAADM,TFIN_EXPORT_FINANCING_DTLS,,1
TBAADM,TFIN_INTEREST_DTLS,,1
TBAADM,TFIN_MARGIN_DTLS,,1
TBAADM,TFIN_PREMIUM_DTLS_TABLE,,1
TBAADM,TFIN_REC_REV_TXN_HIST_TBL,,1
TBAADM,TFIN_RECOV_REV_TXN_TABLE,,1
TBAADM,TFIN_REQUEST_MASTER_TABLE,,1
TBAADM,TOD_EXCEPTION_CODE_TABLE,,1
TBAADM,TRACER_DET_MAIN_TBL,,1
TBAADM,TRACER_DET_MOD_TBL,,1
TBAADM,TRACER_ENTITY_HIST_TABLE,,1
TBAADM,TRACER_ENTITY_MASTER_TABLE,,1
TBAADM,TRACER_EXEC_MSG_DTLS_TABLE,,1
TBAADM,TRACER_PARAM_TBL,,1
TBAADM,TRADE_FINANCE_DOC_TABLE,,1
TBAADM,TRADE_FINANCE_MISC_TABLE,,1
TBAADM,TRAN_ACCESS_CODE_TABLE,,1
TBAADM,TRAN_ACCT_CHARGE_OFF_TABLE,,1
TBAADM,TRAN_CASH_DENOM_HEADER_TBL,,1
TBAADM,TRAN_CASH_DENOM_TBL,,1
TBAADM,TRAN_CATGR_CODE_TABLE,,1
TBAADM,TRAN_CODE_MAP_MAINT_TABLE,,1
TBAADM,TRAN_CONTRA_TABLE,,1
TBAADM,TRAN_DETAIL_REPORT_TABLE,,1
TBAADM,TRAN_DOWNLOAD_HIST_TBL,,1
TBAADM,TRAN_EVENT_PARAM_TABLE,,1
TBAADM,TRAN_FAILOVER_SERVICES_TBL,,1
TBAADM,TRAN_GEN_ACCT_MASTER_TBL,,1
TBAADM,TRAN_ID_TRAN_CODE_TABLE,,1
TBAADM,TRAN_TEMPLATE_DETAIL_TABLE,,1
TBAADM,TRAN_TEMPLATE_HEADER_TABLE,,1
TBAADM,TRAN_TYPE_CODE_TABLE,,1
TBAADM,TRAN_UPLD_TABLE,,1
TBAADM,TRANCHE_GEN_INT_TBL,,1
TBAADM,TRANS_PERIOD_TABLE,,1
TBAADM,TRANS_REFERENCE_CODE_TABLE,,1
TBAADM,TRANSACTION_FILTER_TABLE,,1
TBAADM,TRN_ID_TRN_CODE_HIST_TABLE,,1
TBAADM,UNIT_AMOUNT_CODE_TABLE,,1
TBAADM,UPLOAD_RECORD_TEMP_TABLE,,1
TBAADM,USER_ADDTL_DET_TABLE,,1
TBAADM,USER_MESSAGE_TABLE,,1
TBAADM,USER_TRAN_CODE_TABLE,,1
TBAADM,USER_TRANS_TRACKING_TABLE,,1
TBAADM,VALID_INSTRMNT_TABLE,,1
TBAADM,VERIFICATION_AUDIT_TABLE,,1
TBAADM,VERSION_CONTROL_TABLE,,1
TBAADM,VOSTRO_ACCT_MAST_MOD_TABLE,,1
TBAADM,VOSTRO_ACCT_MAST_TABLE,,1
TBAADM,WMS_INV_GEN_DTLS_TBL,,1
TBAADM,WMS_INV_REL_PRTY_TBL,,1
ACADM,ACCT_NOMINATION_MOD_TABLE,,1
ACADM,ACCT_TAX_STATUS_HIST_TBL,,1
ACADM,ACCT_ZAKAT_DET_TABLE,,1
ACADM,DEP_RECEIPT_HISTORY_TABLE,,1
ACADM,DISCRET_ADVN_MOD_TABLE,,1
ACADM,FATCA_CNTRY_MASTER_TABLE,,1
ACADM,FLEXI_FIXED_PARM_MOD_TABLE,,1
ACADM,IN_GEN_DORM_NOTICE_TABLE,,1
ACADM,IN_GENERAL_ACCT_MAST_TABLE,,1
ACADM,IN_OD_SCHM_PARM_TABLE,,1
ACADM,IN_SBCA_SCHM_PARM_TABLE,,1
ACADM,IN_TD_SCHM_PARM_TABLE,,1
ACADM,LOGIN_LOG_TABLE,,1
ACADM,LOGIN_TABLE,,1
ACADM,LOGIN_VAL_ITEMS_TABLE,,1
ACADM,MAINT_ISLDOC_DTLS,,1
ACADM,MAST_ACCT_AUTH_SIGN_TABLE,,1
ACADM,MASTER_ACCT_DOC_TABLE,,1
ACADM,MST_ACT_AUT_SIG_STM_TABLE,,1
ACADM,NOMINEE_ACK_TABLE,,1
ACADM,NOTICE_SAVR_ACCT_DET_TABLE,,1
ACADM,NOTICE_SAVR_INSTR_TABLE,,1
ACADM,PAID_CHQ_RETURN_MOD_TABLE,,1
ACADM,PB_RPRINT_TABLE,,1
ACADM,PEND_CASH_TRAN_HIST_TBL,,1
ACADM,PEND_CASH_TRAN_TBL,,1
ACADM,POOL_ACCT_RELTN_MOD_TABLE,,1
ACADM,RD_CONTINUE_PERD_DTLS_TBL,,1
ACADM,RD_DEFERRED_PERD_DTLS_TBL,,1
ACADM,REFUND_WITHHELD_TAX_TABLE,,1
ACADM,REGUL_CHRG_DTL_TBL,,1
ACADM,REMIT_THRU_SI_TD_MOD_TABLE,,1
ACADM,RENEWAL_HIST_TABLE,,1
ACADM,RENEWAL_OPTION_MOD_TABLE,,1
ACADM,RENEWAL_OPTION_TABLE,,1
ACADM,REVOD_ACCT_MAST_MOD_TABLE,,1
ACADM,SBCA_MAST_MOD_TABLE,,1
ACADM,SI_CF_TABLE,,1
ACADM,SI_HEADER_MOD_TABLE,,1
ACADM,SI_HEADER_TABLE,,1
ACADM,SI_HISTORY_TABLE,,1
ACADM,SI_PRIORITY_JOB_TABLE,,1
ACADM,SPL_SAV_ACCT_CONS_TBL,,1
ACADM,SPL_SAV_ACCT_TRAN_DTL_TBL,,1
ACADM,SPL_SAV_CLS_DTL_TBL,,1
ACADM,SPL_SAV_TRAN_DTL_TBL,,1
ACADM,SSA_PLAN_NOMINATION_TABLE,,1
ACADM,SSA_TRAN_REASON_CODE_TABLE,,1
ACADM,TAX_CODE_DTLS_TABLE,,1
ACADM,TAX_DED_AT_SOURCE_TABLE,,1
ACADM,TD_ACCOUNT_CLOSURE_TABLE,,1
ACADM,TD_DEFER_AMT_ADJ_TABLE,,1
ACADM,TD_DEP_SLAB_DET_TBL,,1
ACADM,TD_INT_VER_SLAB_MOD_TABLE,,1
ACADM,TD_PART_CLOSURE_HIST_TABLE,,1
ACADM,TDS_FLOW_REG_TBL,,1
ACADM,TRANACCT_CHRG_OFF_HIST_TBL,,1
ACADM,TRANACCT_TRAN_TABLE,,1
LMADM,LM_GROUP_MAINT_TABLE,,1
LMADM,LM_IAST_TABLE,,1
LMADM,LM_INT_ALLOC_TABLE,,1
LMADM,LM_RESET_TABLE,,1
LMADM,LM_STRUCT_MAINT_TABLE,,1
FINFADM,ACCSIGNRULEMAP,,1
FINFADM,ACCSIGNRULEMAPDETAILS,,1
FINFADM,AUDITINFO,,1
FINFADM,DATESHIFT,,1
FINFADM,ENTITYINFO,,1
FINFADM,HISTSIGNCUSTINFO,,1
FINFADM,HISTSIGNGROUP,,1
FINFADM,HISTSIGNMAINTENANCE,,1
FINFADM,HISTSIGNOTHERINFO,,1
FINFADM,IMGACCCODES,,1
FINFADM,INPUTPARAMETER,,1
FINFADM,NACCSIGNRULEMAP,,1
FINFADM,NACCSIGNRULEMAPDETAILS,,1
FINFADM,NRULEMASTER,,1
FINFADM,NSIGNCUSTINFO,,1
FINFADM,NSIGNMAINTENANCE,,1
FINFADM,NSIGNOTHERINFO,,1
FINFADM,NUSERMASTER,,1
FINFADM,RULEMASTER,,1
FINFADM,SIGNCUSTINFO,,1
FINFADM,SIGNGROUP,,1
FINFADM,SIGNMAINTENANCE,,1
FINFADM,SIGNOTHERINFO,,1
FINFADM,SVSTOKENINFO,,1
FINFADM,SVSTRANSACTION,,1
FINFADM,TRANSHISTORY,,1
FINFADM,TRANSHISTORYDETAILS,,1
FINFADM,USERGROUP,,1
FINFADM,USERMASTER,,1
